"Duration","Start Time","Bookmark","Latest Bookmark","Profile Name","Country","Supplemental Video Type","Attributes","Device Type","Title"
"01:10:00","2023-01-05 20:00:00","01:10:00","01:10:00","Alex","DE (Germany)","","","Living Room TV","Sample Show: Season 1: The Beginning (Episode 1)"
"00:45:00","2023-01-12 20:00:00","00:45:00","01:10:00","Alex","DE (Germany)","","","Living Room TV","Sample Show: Season 1: The Middle (Episode 2)"
"00:00:02","2023-01-12 20:46:00","00:00:02","00:00:02","Alex","DE (Germany)","","Autoplayed: user action: None; ","Living Room TV","Sample Show: Season 1: The End (Episode 3)"
"00:00:01","2023-02-01 09:00:00","00:00:01","Not latest view","Sam","DE (Germany)","","Autoplayed: user action: None; ","iPhone","Preview Clip: Trailer (Trailer)"
"00:10:00","2023-02-14 18:00:00","00:10:00","00:10:00","Sam","DE (Germany)","","","iPad",": Season 1: Clip (Clip 1)"
"02:00:00","2023-03-01 21:00:00","02:00:00","02:00:00","Sam","AT (Austria)","","","Smart TV","Sample Movie"
"00:50:00","2023-04-03 19:30:00","00:50:00","00:50:00","Alex","DE (Germany)","","","Living Room TV","Sample Show: Season 2: A New Start (Episode 1)"
"00:48:00","2023-04-10 19:30:00","00:48:00","00:48:00","Alex","DE (Germany)","","","Living Room TV","Sample Show: Season 2: Complications (Episode 2)"
"01:30:00","2023-06-15 20:15:00","01:30:00","01:30:00","Sam","AT (Austria)","","","Smart TV","Another Sample Movie"
"00:55:00","2023-10-02 21:00:00","00:55:00","00:55:00","Alex","DE (Germany)","","","Living Room TV","Sample Show: Season 2: The Finale (Episode 3)"
